{
  "C0_ungrounded": 459.6666666666667,
  "C1_deduction": 918.3333333333334,
  "C2_induction": 2896.8888888888887,
  "C3_empirical": 36934.77777777778,
  "C4_literature_compare": 1149.7777777777778,
  "C5_proposal": 1588.4444444444443
}